{
  "main": {
    "id": "0fe905fd5a399ed6",
    "type": "split",
    "children": [
      {
        "id": "a086f1578e5b385e",
        "type": "tabs",
        "children": [
          {
            "id": "039ae23edada8107",
            "type": "leaf",
            "state": {
              "type": "markdown",
              "state": {
                "file": "ROSS_Core.md.md",
                "mode": "source",
                "source": false
              },
              "icon": "lucide-file",
              "title": "ROSS_Core.md"
            }
          }
        ]
      }
    ],
    "direction": "vertical"
  },
  "left": {
    "id": "ee208bff50511b76",
    "type": "mobile-drawer",
    "children": [
      {
        "id": "e7f35a6ca084ffe9",
        "type": "leaf",
        "state": {
          "type": "file-explorer",
          "state": {
            "sortOrder": "alphabetical",
            "autoReveal": false
          },
          "icon": "lucide-folder-closed",
          "title": "Files"
        }
      },
      {
        "id": "adfe7ef86068fdda",
        "type": "leaf",
        "state": {
          "type": "search",
          "state": {
            "query": "",
            "matchingCase": false,
            "explainSearch": false,
            "collapseAll": false,
            "extraContext": false,
            "sortOrder": "alphabetical"
          },
          "icon": "lucide-search",
          "title": "Search"
        }
      },
      {
        "id": "310d0f11e595bee2",
        "type": "leaf",
        "state": {
          "type": "tag",
          "state": {
            "sortOrder": "frequency",
            "useHierarchy": true,
            "showSearch": false,
            "searchQuery": ""
          },
          "icon": "lucide-tags",
          "title": "Tags"
        }
      },
      {
        "id": "9b3e00b21c9be406",
        "type": "leaf",
        "state": {
          "type": "bookmarks",
          "state": {},
          "icon": "lucide-bookmark",
          "title": "Bookmarks"
        }
      }
    ],
    "currentTab": 0
  },
  "right": {
    "id": "716ca1e96abb280e",
    "type": "mobile-drawer",
    "children": [
      {
        "id": "07258fdd6766add2",
        "type": "leaf",
        "state": {
          "type": "backlink",
          "state": {
            "file": "ROSS_Core.md.md",
            "collapseAll": false,
            "extraContext": false,
            "sortOrder": "alphabetical",
            "showSearch": false,
            "searchQuery": "",
            "backlinkCollapsed": false,
            "unlinkedCollapsed": true
          },
          "icon": "links-coming-in",
          "title": "Backlinks"
        }
      },
      {
        "id": "cf821537e041344d",
        "type": "leaf",
        "state": {
          "type": "outgoing-link",
          "state": {
            "linksCollapsed": false,
            "unlinkedCollapsed": true
          },
          "icon": "links-going-out",
          "title": "Outgoing links"
        }
      },
      {
        "id": "d60025c6b243f2f9",
        "type": "leaf",
        "state": {
          "type": "outline",
          "state": {
            "followCursor": false,
            "showSearch": false,
            "searchQuery": ""
          },
          "icon": "lucide-list",
          "title": "Outline"
        }
      }
    ],
    "currentTab": 0
  },
  "left-ribbon": {
    "hiddenItems": {
      "switcher:Open quick switcher": false,
      "graph:Open graph view": false,
      "canvas:Create new canvas": false,
      "daily-notes:Open today's daily note": false,
      "templates:Insert template": false,
      "command-palette:Open command palette": false
    }
  },
  "active": "039ae23edada8107",
  "lastOpenFiles": [
    "ROSS_Core.md.md",
    "Scroll_No.001_Book_of_Conz_Initiation.md.md",
    "Scroll_No_♾️001_Book_of_Conz_Initiation.md.md",
    "GROSIAN.md",
    "Untitled"
  ]
}